,Aspects,SentimentScore
0,game,0.293932408
3,experience,0.207228256
4,tale,0.029098837
5,pirate,0.158419207
6,ship,0.034809091
7,player,0.021268133
