,Aspects,SentimentScore
0,park,0.140941984
1,piece,0.053772993
3,game,0.273157701
4,dlc,0.06601
5,life,0.066121429
6,mode,0.11664386
7,time,0.091560584
