,Aspects,SentimentScore
0,grind,0.01459901
1,difficulty,0.065291005
2,access,0.019708344
4,time,0.110173922
5,raft,0.050906305
7,game,0.294457699
