,Aspects,SentimentScore
0,unit,0.075565455
1,replayability,0.14700632
2,rat,0.012924444
3,war,0.048040245
4,dlc,0.155587807
6,style,0.061409477
7,game,0.246709049
