,Aspects,SentimentScore
0,boot,0.0
1,world,0.17556666666666665
2,mod,0.0
3,vi,0.0
4,game,0.35707500000000003
5,robot,0.3182
6,mojave,0.0
7,civ,0.2202
