,Aspects,SentimentScore
0,style,0.116621667
1,shogun,0.162202041
2,unit,0.043545982
4,campaign,0.123661331
5,war,0.054615958
6,warhammer,0.08664381
7,game,0.18155081
