,Aspects,SentimentScore
0,combo,0.130087097
1,player,0.093668137
2,game,0.263756758
4,community,0.23084878
5,bro,0.311894286
6,character,0.128686192
7,aether,0.014869597
