,Aspects,SentimentScore
0,community,0.3346950000000001
1,playerbase,0.20928
2,server,0.20843684210526317
3,guy,-0.27115
4,experience,0.27013
5,game,0.23991956521739136
6,player,0.09512727272727273
7,squad,0.10230769230769231
