,Aspects,SentimentScore
0,food,0.060107059
1,mechanic,0.094568407
2,access,0.016416857
3,game,0.204141816
4,thing,0.069820198
7,loot,0.098797938
