,Aspects,SentimentScore
0,series,0.146263755
1,rome,0.099168657
2,classic,0.127949153
3,strategy,0.311058952
5,game,0.246908325
6,war,0.038499409
