,Aspects,SentimentScore
0,gameplay,0.242199245
1,base,0.04120815
2,game,0.191070853
4,boss,0.00956759
5,character,0.101537615
6,gear,0.1088334
7,cutscene,0.058773144
