,Aspects,SentimentScore
0,server,0.057461365
1,game,0.229663184
3,dino,0.059359857
4,community,0.155294839
5,dinosaur,0.081826739
6,discord,0.07185625
7,herbivore,0.038347195
