,Aspects,SentimentScore
0,access,0.024769644
1,factorio,0.118927431
2,factory,0.11744031
3,resource,0.071665289
5,creature,0.002110435
6,game,0.273130889
7,planet,0.100439024
