,Aspects,SentimentScore
0,cons,-0.164633333
1,game,0.299333333
3,server,0.1101
4,people,0.052328571
5,rating,0
6,time,0.2222125
7,funk,0
