,Aspects,SentimentScore
0,boardgame,0.186042945
1,simulator,0.241199167
3,friend,0.202804331
4,game,0.225221932
5,community,0.292155496
6,table,0.040059481
7,distancing,0.044943182
