,Aspects,SentimentScore
0,gun,0.108175847
1,difficulty,-0.007367292
4,game,0.187792099
5,guy,-0.041094949
6,level,0.038900932
7,bug,-0.010492846
