,Aspects,SentimentScore
1,mod,0.182073167
2,rpgs,0.259427937
3,quest,0.06715175
4,game,0.290911816
5,fun,0.177671969
6,armor,0.056103259
7,scroll,0.021191385
