,Aspects,SentimentScore
1,combat,0.128262182
2,rat,-0.087915957
3,map,0.07119098
4,game,0.216588539
5,dlc,0.033080577
6,style,-0.132417143
7,difficulty,0.004807138
