,Aspects,SentimentScore
0,character,0.084151314
1,access,0.024468433
3,replayability,0.148673023
4,game,0.293981528
5,soundtrack,0.351865481
6,experience,0.194801418
7,rain,0.208072675
