,Aspects,SentimentScore
0,player,0.045542354
3,game,0.299969721
4,rust,0.089270266
5,guy,0.007449957
6,community,0.067940037
7,raid,-0.00972542
