,Aspects,SentimentScore
0,cheater,-0.011853025
2,access,0.010173632
3,crate,0.024698962
5,weapon,0.068353715
6,hacker,-0.027740043
7,game,0.174416331
