,Aspects,SentimentScore
0,update,0.123073181
2,review,-0.114336362
3,game,0.12990998
4,universe,0.047772123
5,specie,0.028884993
6,base,0.074220101
7,gameplay,0.04155315
