,Aspects,SentimentScore
0,coolcool,0.3182
1,thing,0.282468433
2,anime,0.106233553
3,steam,0.330671916
5,wallpaper,0.240999916
6,use,0.350638722
7,shit,0.271606311
