,Aspects,SentimentScore
0,ui,0.088239535
1,feature,0.089155556
2,game,0.254221761
3,map,0.07653913
4,fever,0.224738028
5,size,0.005982857
7,time,0.051962766
