,Aspects,SentimentScore
0,series,0.1502538
1,era,0.058947126
3,unit,0.041737049
4,game,0.242669344
6,war,0.053705005
7,ii,0.008532423
