,Aspects,SentimentScore
0,system,0.141943205
1,sekiro,0.080747159
2,game,0.190496782
3,style,0.069467253
5,soul,0.017621352
6,gameplay,0.188790318
7,boss,0.035629348
