,Aspects,SentimentScore
0,gear,0.040220968
2,character,0.111429445
3,game,0.171282428
4,avenger,0.121684783
5,mission,0.010837336
6,bug,0.016204139
7,hero,0.197485608
