,Aspects,SentimentScore
0,player,0.011207731
3,game,0.269571966
4,mafia,-0.00393614
5,role,0.00876269
6,troll,0.063916667
7,steam,0.138205556
