,Aspects,SentimentScore
0,rts,0.315826316
1,tank,-0.025623729
2,unit,0.047037862
3,player,0.044842721
4,game,0.27905394
5,gameplay,0.197941228
7,war,0.099217563
