,Aspects,SentimentScore
0,war,0.031838166
1,dlc,0.035545
2,tree,-0.004850388
3,system,0.026082818
4,unit,0.040929359
6,rome,0.120687868
7,game,0.190527614
