,Aspects,SentimentScore
0,simulator,0.217558877
3,game,0.198125659
4,sim,0.241710811
5,steam,0.005713386
6,plane,0.09154226
7,time,0.037058534
