,Aspects,SentimentScore
0,pc,0.1067311
1,monster,0.059072583
2,game,0.249868544
3,gameplay,0.217689329
5,issue,0.017690155
7,weapon,0.073795554
