,Aspects,SentimentScore
0,player,0.055863538
2,rpg,0.22331348
3,battle,0.095361126
4,warband,0.105281275
5,community,0.298514231
6,blade,0.145360279
7,game,0.279654949
