,Aspects,SentimentScore
0,character,0.244240616
1,pc,0.150179221
2,thing,0.103476078
4,steam,0.155384404
5,link,0.017722622
6,jrpg,0.330525581
7,game,0.291566083
