,Aspects,SentimentScore
0,update,0.0827024
1,mission,0.0581751
3,vehicle,0.144739414
4,game,0.337544778
5,thing,0.123751341
6,devs,0.183211538
7,boat,0.091738587
