,Aspects,SentimentScore
0,cannibal,-0.026107076
1,game,0.280257534
4,experience,0.192792719
5,cave,-0.023198817
6,access,0.011993992
7,shit,-0.012478495
