,Aspects,SentimentScore
0,mod,0.230219278
1,difficulty,0.035089412
2,community,0.283188173
3,base,0.09792254
5,rimworld,0.074994604
6,colony,0.072741573
7,game,0.278697055
