,Aspects,SentimentScore
0,chamber,0.071716639
2,portal,0.166600632
3,level,0.129340733
5,game,0.343651424
6,co,0.366092944
7,character,0.274060554
