,Aspects,SentimentScore
1,mordor,0.139600824
2,game,0.204951822
3,orc,0.047513158
4,system,0.150237394
5,character,0.078154181
6,tasty,0
7,guy,-0.026498649
