,Aspects,SentimentScore
0,game,0.22302762
1,nier,0.131432595
3,port,-0.173782777
4,style,0.088517079
5,soul,0.002818493
6,experience,0.201751909
7,soundtrack,0.405375438
