,Aspects,SentimentScore
0,game,0.192756026
1,ghost,0.000457424
2,friend,0.185583376
4,access,0.02676298
5,experience,0.141961939
6,door,-0.014257353
7,vr,-0.021904819
