,Aspects,SentimentScore
0,game,0.275608106
1,scroll,0.034851783
2,thing,0.084457339
3,quest,0.124998525
4,skyrim,0.112465156
6,character,0.093679035
7,classic,0.196785621
