,Aspects,SentimentScore
0,boss,0.020840586
1,strategy,0.113544818
2,replayability,0.199357858
3,card,0.148422474
4,game,0.289992768
6,character,0.051676592
7,deck,0.106257966
