,Aspects,SentimentScore
0,mechanic,0.079746715
1,character,0.140146678
2,experience,0.189582741
4,portia,0.141762564
5,game,0.233409343
6,access,0.016675232
7,valley,0.060988644
