,Aspects,SentimentScore
1,siege,0.097519298
3,shooter,0.175291558
4,curve,0.081802041
5,game,0.26702468
6,shit,0.016918557
7,community,0.057220554
