,Aspects,SentimentScore
0,base,0.053667898
1,game,0.208085065
2,bug,-0.033371814
3,xcom,0.114927424
4,gameplay,0.144587819
6,mission,0.021407736
7,soldier,0.041636845
