,Aspects,SentimentScore
0,problem,0.062197989
1,game,0.266821468
3,dupe,-0.002631224
4,access,0.017598119
5,colony,0.058875
6,mechanic,0.134221628
7,base,0.102490693
