,Aspects,SentimentScore
0,game,0.238312886
2,horse,0.006637522
3,redemption,-0.329145074
4,rockstar,0.066312143
6,mode,0.078379136
7,experience,0.138115952
