,Aspects,SentimentScore
0,mod,0.304951375
1,rts,0.340696667
2,unit,0.06303961
3,community,0.319630549
4,steam,0.151902817
5,game,0.308931832
6,war,0.11389984
