,Aspects,SentimentScore
0,community,0.152689341
1,game,0.310380119
2,zombie,0.1132318
4,map,0.098831202
6,steam,0.199237958
7,mod,0.211244686
