,Aspects,SentimentScore
0,game,0.218748279
1,issue,0.022208361
2,battle,0.084393511
4,warband,0.11027591
5,blade,0.146202662
6,lord,0.041202956
7,access,0.021108278
