,Aspects,SentimentScore
0,dlc,0.066244764
1,system,0.029905756
3,empire,0.042307274
4,game,0.197743066
5,ship,0.049379075
6,strategy,0.367703384
7,stellaris,0.095880017
