,Aspects,SentimentScore
0,time,0.076758389
2,war,0.06461369
3,shogun,0.1430984
4,hour,0.064953425
5,game,0.233775272
6,unit,0.072244075
7,japan,-0.042125229
