,Aspects,SentimentScore
0,game,0.238531676
1,map,0.045094231
2,time,0.157141912
3,version,0.137038824
4,civilization,0.197429231
5,civ,0.149280741
7,strategy,0.213475
