,Aspects,SentimentScore
0,sword,0.046078723
1,weapon,0.051319657
2,shit,0.011163028
4,game,0.220229812
5,combat,0.125480426
6,map,0.022479873
7,gamemode,0.067074038
