,Aspects,SentimentScore
0,kid,0.039382353
2,murder,0.120940625
3,hot,0
4,contraption,0.132211765
5,physics,0.311313043
6,game,0.36297086
