,Aspects,SentimentScore
0,review,-0.20335036
1,character,0.095600515
3,kombat,0.045583536
4,game,0.208352953
5,tower,-0.008813653
6,fighter,0.109027632
7,mode,0.1525992
