,Aspects,SentimentScore
0,cutscene,0.065760256
2,combat,0.107646849
3,style,0.011397163
4,system,0.132120858
5,character,0.130027984
6,max,-0.373123974
7,game,0.190518662
