,Aspects,SentimentScore
0,game,0.285177674
2,modder,0.204141758
3,update,0.073030172
4,access,0.01339293
5,base,0.082902586
6,planet,0.049568779
7,multiplayer,0.102782515
