,Aspects,SentimentScore
0,fish,0.061945695
1,game,0.342318324
2,time,0.193413859
3,thing,0.097460455
5,character,0.247235895
7,farm,0.138539727
