,Aspects,SentimentScore
0,update,0.114367466
1,game,0.343479543
2,battle,0.105514898
4,physic,0.261636842
5,unit,0.088597929
6,mess,0.382562329
7,eye,0.05807957
