,Aspects,SentimentScore
0,pack,0.062444318
2,fun,0.208554054
3,game,0.222185381
4,content,0.078685806
6,character,0.051378431
7,sim,0.114936669
