,Aspects,SentimentScore
0,terraria,0.139309301
2,update,0.072809383
3,vanilla,0.065504061
4,weapon,0.138074083
5,minecraft,0.081212721
6,enemy,0.050225763
7,game,0.348133946
