,Aspects,SentimentScore
0,style,0.116688808
2,character,0.043465138
3,boss,0.030245869
4,replayability,0.124576384
5,content,0.084535657
6,gameplay,0.187484292
7,game,0.27229512
