,Aspects,SentimentScore
0,combat,0.035238563
1,rpgs,0.18330407
3,enemy,-0.009277445
4,sword,0.032601109
5,game,0.185897345
6,rpg,0.199707789
7,bug,0.003824672
