,Aspects,SentimentScore
0,tekken,0.17657458
2,mode,0.069574578
3,pc,0.236644245
4,experience,0.143907692
5,character,0.082387313
6,game,0.254357268
7,combo,0.104144554
