,Aspects,SentimentScore
0,thing,-0.056226087
1,combat,0.024970833
2,game,0.213742857
3,translation,0.024527586
4,time,0.045596154
5,character,0.005215385
6,blade,-0.018858333
