,Aspects,SentimentScore
0,character,0.056717262
1,netcode,-0.178104867
2,gameplay,0.151857576
3,combo,0.089782775
4,mode,0.023980706
6,game,0.126814694
7,fighter,0.089349093
