,Aspects,SentimentScore
0,unit,0.021013684
1,game,0.156955348
2,dlc,-0.007188129
3,war,0.03275085
4,order,-0.01293551
6,ai,-0.046883051
7,rome,0.032894101
