,Aspects,SentimentScore
0,wave,0.01662199
1,difficulty,0.006041893
2,map,0.047668364
3,rts,0.170001471
4,horde,0.010037764
5,zombie,-0.000661752
6,game,0.181254348
