,Aspects,SentimentScore
0,survival,0.189532867
2,laggy,0.132603571
3,mode,0.22807754
4,mechanic,0.178921581
5,grind,0.049431868
6,game,0.338007424
7,bug,0.056690114
