,Aspects,SentimentScore
0,assembly,0.39653871
2,war,0.061299385
3,game,0.256487291
5,napoleon,0.0682875
6,map,0.04400155
7,campaign,0.13267205
