,Aspects,SentimentScore
0,experience,0.204462412
1,planet,0.028568678
3,game,0.260877312
4,terraria,0.069744088
5,armor,0.136571906
6,soundtrack,0.401401683
7,update,0.069244315
