,Aspects,SentimentScore
1,dlc,0.05423023
2,update,0.061259914
3,cop,-0.041993415
4,heist,0.08712589
6,game,0.283767865
7,drill,0.033055124
