,Aspects,SentimentScore
0,game,0.216413674
1,shit,0.012502299
2,content,0.122740743
3,mmos,0.168940837
4,quest,0.082769734
5,scroll,0.013096582
7,gear,0.151925942
