,Aspects,SentimentScore
0,napoleon,0.0930075
1,unit,0.04710684
3,dlc,0.077346875
4,war,0.04696962
5,campaign,0.214160224
6,game,0.230642428
7,ship,0.058472727
